{"cameraMode":{"drawMode":0,"name":"Shaded","section":"Shading Mode"},"sceneLighting":false,"audioPlay":false,"sceneViewState":{"showFog":true,"showMaterialUpdate":false,"showSkybox":false,"showFlares":true,"showImageEffects":true,"showParticleSystems":true},"in2DMode":false,"pivot":{"x":6.538042068481445,"y":5.146044731140137,"z":8.484930038452149},"rotation":{"x":-0.03653137758374214,"y":0.7983404397964478,"z":-0.04867830500006676,"w":-0.5991231203079224},"size":17.221925735473634,"orthographic":false}