{"cameraMode":{"drawMode":0,"name":"Shaded","section":"Shading Mode"},"sceneLighting":false,"audioPlay":false,"sceneViewState":{"showFog":true,"showMaterialUpdate":false,"showSkybox":false,"showFlares":true,"showImageEffects":true,"showParticleSystems":true},"in2DMode":false,"pivot":{"x":0.48916274309158327,"y":-0.2823749780654907,"z":5.076718330383301},"rotation":{"x":-0.35864347219467165,"y":0.019601676613092424,"z":-0.007532717194408178,"w":-0.9332383871078491},"size":3.0181612968444826,"orthographic":false}