{"cameraMode":{"drawMode":0,"name":"Shaded","section":"Shading Mode"},"sceneLighting":false,"audioPlay":false,"sceneViewState":{"showFog":true,"showMaterialUpdate":false,"showSkybox":false,"showFlares":true,"showImageEffects":true,"showParticleSystems":true},"in2DMode":false,"pivot":{"x":2.7581920623779299,"y":-3.4247214794158937,"z":8.277265548706055},"rotation":{"x":-0.08878245949745178,"y":0.6988150477409363,"z":-0.0880928784608841,"w":-0.7042832970619202},"size":21.59256362915039,"orthographic":false}