{"cameraMode":{"drawMode":0,"name":"Shaded","section":"Shading Mode"},"sceneLighting":true,"audioPlay":false,"sceneViewState":{"showFog":true,"showMaterialUpdate":false,"showSkybox":true,"showFlares":true,"showImageEffects":true,"showParticleSystems":true},"in2DMode":false,"pivot":{"x":2.268967390060425,"y":-8.980646133422852,"z":17.26632308959961},"rotation":{"x":-0.4357626140117645,"y":-0.006749593652784824,"z":0.0032681224402040245,"w":-0.9000304341316223},"size":41.94322204589844,"orthographic":false}